dataset	Library	Species	Taxon	Sample	Extraction	extract	pcr	adaptors	library	ratio	bases_pre_fastp	bases_post_fastp	metagenomic_bases	microbial_fraction	nonpareil	assembly_length	N50	L50	num_contigs	num_bins	assembly_mapped_bases	MAG_mapping_percentage	catalogue	duplicates	coverage_depth	coverage_breadth	dna_extract	x260_280	x260_230	x260_280_alert	x260_230_alert	ct_d_rn	ng_ul_lib
EHI02115	AAQ18E1L1I1	Lissotriton helveticus	Amphibian	AAQ18	DREX1	83.7	15	5.6748	1.6372	0.22390590809628008	5037247200	4108235420	4104806509	58.48	0.955938408900694	227857486	4599	9753	57241	47	NA	3.12209	Species	0.470313	0	0	AAQ18E1	1.331	0.393	Ratio too low	Ratio too low	19.73	0.8291
EHI02115	AAQ18E1L1I1	Lissotriton helveticus	Amphibian	AAQ18	DREX1	83.7	15	5.6748	1.6372	0.22390590809628008	5037247200	4108235420	4104806509	58.48	0.955938408900694	227857486	4599	9753	57241	47	NA	3.54156	All	0.470313	0	0	AAQ18E1	1.331	0.393	Ratio too low	Ratio too low	19.73	0.8291
EHI02128	AAQ18E2L1I1	Lissotriton helveticus	Amphibian	AAQ18	REF	35.685	18	1.055	5.6131	0.8417840164364662	5906571000	4939135284	4931716843	44.76	0.988018264568206	227857486	4599	9753	57241	47	NA	2.42088	Species	0.696625	0	0	AAQ18E2	1.127	0.0243	Ratio too low	Ratio too low	22.04	0.3852
EHI02128	AAQ18E2L1I1	Lissotriton helveticus	Amphibian	AAQ18	REF	35.685	18	1.055	5.6131	0.8417840164364662	5906571000	4939135284	4931716843	44.76	0.988018264568206	227857486	4599	9753	57241	47	NA	2.77455	All	0.696625	0	0	AAQ18E2	1.127	0.0243	Ratio too low	Ratio too low	22.04	0.3852
EHI02109	AAQ18E3L1I1	Lissotriton helveticus	Amphibian	AAQ18	DREX2	103.5	13	3.019	2.567	0.45954171142141065	6459894900	5176146621	5167299078	43.22	0.771608418814394	227857486	4599	9753	57241	47	NA	3.62611	All	0.289779	0	0.01	AAQ18E3	1.501	0.0719	Ratio too low	Ratio too low	17.18	1.0831
EHI02109	AAQ18E3L1I1	Lissotriton helveticus	Amphibian	AAQ18	DREX2	103.5	13	3.019	2.567	0.45954171142141065	6459894900	5176146621	5167299078	43.22	0.771608418814394	227857486	4599	9753	57241	47	NA	3.19814	Species	0.289779	0	0.01	AAQ18E3	1.501	0.0719	Ratio too low	Ratio too low	17.18	1.0831
EHI02073	ABD27E1L1I1	Salamandra atra	Amphibian	ABD27	DREX1	1287	8	0.9775	1.8847	0.6584794913003983	2531697900	2388902537	2388816575	72.9	0.78835766390828	362119192	11907	5969	59176	98	NA	63.29077	All	0.059633	0	0	ABD27E1	1.511	0.179	Ratio too low	Ratio too low	12.79	3.5754
EHI02073	ABD27E1L1I1	Salamandra atra	Amphibian	ABD27	DREX1	1287	8	0.9775	1.8847	0.6584794913003983	2531697900	2388902537	2388816575	72.9	0.78835766390828	362119192	11907	5969	59176	98	NA	59.48597	Species	0.059633	0	0	ABD27E1	1.511	0.179	Ratio too low	Ratio too low	12.79	3.5754
EHI02114	ABD27E2L1I1	Salamandra atra	Amphibian	ABD27	REF	872.9999999999999	14	5.2511	8.714	0.6239840745859321	6688746600	5632561164	5631987783	61.19	0.901435203609234	362119192	11907	5969	59176	98	NA	57.08279	All	0.193717	0	0	ABD27E2	NA	NA	NA	NA	17.49	5.4617000000000004
EHI02114	ABD27E2L1I1	Salamandra atra	Amphibian	ABD27	REF	872.9999999999999	14	5.2511	8.714	0.6239840745859321	6688746600	5632561164	5631987783	61.19	0.901435203609234	362119192	11907	5969	59176	98	NA	46.82887	Species	0.193717	0	0	ABD27E2	NA	NA	NA	NA	17.49	5.4617000000000004
EHI02086	ABD27E3L1I1	Salamandra atra	Amphibian	ABD27	DREX2	2632.5	10	3.886	8.464	0.6853441295546558	5560731300	4908588283	4907406697	65.24	0.801592999551857	362119192	11907	5969	59176	98	NA	56.97134	All	0.147651	0	0	ABD27E3	1.502	0.44	Ratio too low	Ratio too low	14.67	4.1117
EHI02086	ABD27E3L1I1	Salamandra atra	Amphibian	ABD27	DREX2	2632.5	10	3.886	8.464	0.6853441295546558	5560731300	4908588283	4907406697	65.24	0.801592999551857	362119192	11907	5969	59176	98	NA	53.03676	Species	0.147651	0	0	ABD27E3	1.502	0.44	Ratio too low	Ratio too low	14.67	4.1117
EHI02101	ABE10E1L1I1	Salamandra atra	Amphibian	ABE10	DREX1	102.15	13	0.158	0.6505	0.8045763760049474	1011246000	920459961	920269798	68.22	0.753022634664972	362119192	11907	5969	59176	98	NA	51.87345	Species	0.068331	0	0	ABE10E1	1.349	0.464	Ratio too low	Ratio too low	17.47	0.6583
EHI02101	ABE10E1L1I1	Salamandra atra	Amphibian	ABE10	DREX1	102.15	13	0.158	0.6505	0.8045763760049474	1011246000	920459961	920269798	68.22	0.753022634664972	362119192	11907	5969	59176	98	NA	57.91836	All	0.068331	0	0	ABE10E1	1.349	0.464	Ratio too low	Ratio too low	17.47	0.6583
EHI02116	ABE10E2L1I1	Salamandra atra	Amphibian	ABE10	REF	589.5	15	1.1196	1.6268	0.5923390620448588	2549497800	2181275907	2180543630	70.25	0.969552426930771	362119192	11907	5969	59176	98	NA	56.10896	All	0.189173	0	0	ABE10E2	1.227	0.0584	Ratio too low	Ratio too low	18.98	3.2968
EHI02116	ABE10E2L1I1	Salamandra atra	Amphibian	ABE10	REF	589.5	15	1.1196	1.6268	0.5923390620448588	2549497800	2181275907	2180543630	70.25	0.969552426930771	362119192	11907	5969	59176	98	NA	49.88299	Species	0.189173	0	0	ABE10E2	1.227	0.0584	Ratio too low	Ratio too low	18.98	3.2968
EHI02110	ABE10E3L1I1	Salamandra atra	Amphibian	ABE10	DREX2	2619	13	3.4616	7.748	0.6911932629174993	5474412000	4779708402	4778338885	62.82	0.856707920172314	362119192	11907	5969	59176	98	NA	50.20319	Species	0.063763	0	0	ABE10E3	1.384	0.366	Ratio too low	Ratio too low	17.01	7.0538
EHI02110	ABE10E3L1I1	Salamandra atra	Amphibian	ABE10	DREX2	2619	13	3.4616	7.748	0.6911932629174993	5474412000	4779708402	4778338885	62.82	0.856707920172314	362119192	11907	5969	59176	98	NA	56.1247	All	0.063763	0	0	ABE10E3	1.384	0.366	Ratio too low	Ratio too low	17.01	7.0538
EHI02095	AGO69E1L1I1	Lissotriton helveticus	Amphibian	AGO69	DREX1	39.645	12	1.7525	3.3745	0.6581821728106105	7090621200	6602279093	6588765141	48.62	0.861390588280386	227857486	4599	9753	57241	47	NA	30.37002	Species	0.559656	0.001	0.01	AGO69E1	2.027	0.0307	OK	Ratio too low	16.76	0.3783
EHI02095	AGO69E1L1I1	Lissotriton helveticus	Amphibian	AGO69	DREX1	39.645	12	1.7525	3.3745	0.6581821728106105	7090621200	6602279093	6588765141	48.62	0.861390588280386	227857486	4599	9753	57241	47	NA	37.01085	All	0.559656	0.001	0.01	AGO69E1	2.027	0.0307	OK	Ratio too low	16.76	0.3783
EHI02104	AGO69E2L1I1	Lissotriton helveticus	Amphibian	AGO69	REF	98.55	13	1.5807	1.6418	0.5094802172226531	4087605900	3555654327	3548643728	54.6	0.831323729093125	227857486	4599	9753	57241	47	NA	11.51538	Species	0.47675	0	0	AGO69E2	1.437	0.201	Ratio too low	Ratio too low	17.49	1.5252
EHI02104	AGO69E2L1I1	Lissotriton helveticus	Amphibian	AGO69	REF	98.55	13	1.5807	1.6418	0.5094802172226531	4087605900	3555654327	3548643728	54.6	0.831323729093125	227857486	4599	9753	57241	47	NA	45.86416	All	0.47675	0	0	AGO69E2	1.437	0.201	Ratio too low	Ratio too low	17.49	1.5252
EHI02085	AGO69E3L1I1	Lissotriton helveticus	Amphibian	AGO69	DREX2	108.9	10	0.7251	2.0149	0.7353649635036497	4529307300	3950111672	3931649651	30.29	0.685511622745678	227857486	4599	9753	57241	47	NA	23.63176	All	0.425564	0.001	0.01	AGO69E3	1.588	0.0512	Ratio too low	Ratio too low	14.07	0.6393
EHI02085	AGO69E3L1I1	Lissotriton helveticus	Amphibian	AGO69	DREX2	108.9	10	0.7251	2.0149	0.7353649635036497	4529307300	3950111672	3931649651	30.29	0.685511622745678	227857486	4599	9753	57241	47	NA	19.3041	Species	0.425564	0.001	0.01	AGO69E3	1.588	0.0512	Ratio too low	Ratio too low	14.07	0.6393
EHI02088	AJP51E1L1I1	Calotriton asper	Amphibian	AJP51	DREX1	211.95	11	1.8852	3.519	0.651160208726546	7128148800	6590124826	6587615976	69.84	0.883362737021947	560058548	9262	11286	102831	135	NA	57.07864	Species	0.142481	0	0	AJP51E1	1.402	0.277	Ratio too low	Ratio too low	15.98	1.915
EHI02088	AJP51E1L1I1	Calotriton asper	Amphibian	AJP51	DREX1	211.95	11	1.8852	3.519	0.651160208726546	7128148800	6590124826	6587615976	69.84	0.883362737021947	560058548	9262	11286	102831	135	NA	63.09159	All	0.142481	0	0	AJP51E1	1.402	0.277	Ratio too low	Ratio too low	15.98	1.915
EHI02105	AJP51E2L1I1	Calotriton asper	Amphibian	AJP51	REF	45.9	13	1.044	1.9564	0.6520463938141581	2837247000	2400469589	2393798263	60.15	0.828942292707386	560058548	9262	11286	102831	135	NA	55.01152	All	0.235605	0	0.01	AJP51E2	NA	NA	NA	NA	17.06	0.4757
EHI02105	AJP51E2L1I1	Calotriton asper	Amphibian	AJP51	REF	45.9	13	1.044	1.9564	0.6520463938141581	2837247000	2400469589	2393798263	60.15	0.828942292707386	560058548	9262	11286	102831	135	NA	49.58296	Species	0.235605	0	0.01	AJP51E2	NA	NA	NA	NA	17.06	0.4757
EHI02067	AJP51E3L1I1	Calotriton asper	Amphibian	AJP51	DREX2	390.6	6	2.2228	8.0981	0.784631185264851	5318364900	4829572150	4820536628	60.3	0.779397747017108	560058548	9262	11286	102831	135	NA	51.52538	Species	0.063091	0	0.01	AJP51E3	1.8	0.0808	OK	Ratio too low	10.46	1.9967
EHI02067	AJP51E3L1I1	Calotriton asper	Amphibian	AJP51	DREX2	390.6	6	2.2228	8.0981	0.784631185264851	5318364900	4829572150	4820536628	60.3	0.779397747017108	560058548	9262	11286	102831	135	NA	57.15176	All	0.063091	0	0.01	AJP51E3	1.8	0.0808	OK	Ratio too low	10.46	1.9967
EHI02065	AJP52E1L1I1	Calotriton asper	Amphibian	AJP52	DREX1	315.9	6	1.231	3.7964	0.7551418228109957	4761973500	4473780127	4473531340	71.68	0.853470374328047	560058548	9262	11286	102831	135	NA	69.30082	All	0.025825	0	0	AJP52E1	1.668	0.272	OK	Ratio too low	10.67	2.6383
EHI02065	AJP52E1L1I1	Calotriton asper	Amphibian	AJP52	DREX1	315.9	6	1.231	3.7964	0.7551418228109957	4761973500	4473780127	4473531340	71.68	0.853470374328047	560058548	9262	11286	102831	135	NA	61.92985	Species	0.025825	0	0	AJP52E1	1.668	0.272	OK	Ratio too low	10.67	2.6383
EHI02097	AJP52E2L1I1	Calotriton asper	Amphibian	AJP52	REF	139.95	12	0.3633	6.3563	0.9459342818024884	6433850700	5325245645	5324134598	69.81	0.889298293601802	560058548	9262	11286	102831	135	NA	68.46361	All	0.104643	0	0	AJP52E2	1.124	0.0193	Ratio too low	Ratio too low	16.06	1.4887
EHI02097	AJP52E2L1I1	Calotriton asper	Amphibian	AJP52	REF	139.95	12	0.3633	6.3563	0.9459342818024884	6433850700	5325245645	5324134598	69.81	0.889298293601802	560058548	9262	11286	102831	135	NA	61.01099	Species	0.104643	0	0	AJP52E2	1.124	0.0193	Ratio too low	Ratio too low	16.06	1.4887
EHI02079	AJP52E3L1I1	Calotriton asper	Amphibian	AJP52	DREX2	976.5	9	1.477	3.3128	0.691636394003925	4703299800	4294579814	4293038259	68.62	0.825685381830267	560058548	9262	11286	102831	135	NA	58.3076	Species	0.052615	0	0	AJP52E3	1.583	0.116	Ratio too low	Ratio too low	13.12	3.6862
EHI02079	AJP52E3L1I1	Calotriton asper	Amphibian	AJP52	DREX2	976.5	9	1.477	3.3128	0.691636394003925	4703299800	4294579814	4293038259	68.62	0.825685381830267	560058548	9262	11286	102831	135	NA	65.30541	All	0.052615	0	0	AJP52E3	1.583	0.116	Ratio too low	Ratio too low	13.12	3.6862
EHI02069	AFO83E1L1I1	Natrix astreptophora	Reptile	AFO83	DREX1	94.5	7	0.2844	3.6005	0.9267934824577208	5725473600	5417292894	5405787292	78.09	0.947691438196074	237001200	23565	1978	30696	51	NA	80.96314	Species	0.118657	0.006	0.39	AFO83E1	1.639	0.28	Min Concentration	Min Concentration	12.09	1.0522
EHI02069	AFO83E1L1I1	Natrix astreptophora	Reptile	AFO83	DREX1	94.5	7	0.2844	3.6005	0.9267934824577208	5725473600	5417292894	5405787292	78.09	0.947691438196074	237001200	23565	1978	30696	51	NA	84.61555	All	0.118657	0.006	0.39	AFO83E1	1.639	0.28	Min Concentration	Min Concentration	12.09	1.0522
EHI02126	AFO83E2L1I1	Natrix astreptophora	Reptile	AFO83	REF	33.66	18	8.3629	6.148	0.4236815083833532	7158270900	5516078590	5443267431	69.94	0.988384320368862	237001200	23565	1978	30696	51	NA	79.27045	Species	0.93205	0.041	0.14	AFO83E2	NA	NA	NA	NA	22.49	0.3376
EHI02126	AFO83E2L1I1	Natrix astreptophora	Reptile	AFO83	REF	33.66	18	8.3629	6.148	0.4236815083833532	7158270900	5516078590	5443267431	69.94	0.988384320368862	237001200	23565	1978	30696	51	NA	82.83297	All	0.93205	0.041	0.14	AFO83E2	NA	NA	NA	NA	22.49	0.3376
EHI02093	AFO83E3L1I1	Natrix astreptophora	Reptile	AFO83	DREX2	184.95	11	2.9833	2.9988	0.5012955316694806	4340385000	3340800675	3290731635	62.02	0.8412983504698	237001200	23565	1978	30696	51	NA	59.8941	Species	0.180743	0.028	1.25	AFO83E3	1.584	0.0837	Ratio too low	Ratio too low	15.11	1.4558
EHI02093	AFO83E3L1I1	Natrix astreptophora	Reptile	AFO83	DREX2	184.95	11	2.9833	2.9988	0.5012955316694806	4340385000	3340800675	3290731635	62.02	0.8412983504698	237001200	23565	1978	30696	51	NA	62.84755	All	0.180743	0.028	1.25	AFO83E3	1.584	0.0837	Ratio too low	Ratio too low	15.11	1.4558
EHI02094	AFV18E1L1I1	Podarcis muralis	Reptile	AFV18	DREX1	46.35	12	3.8989	4.7853	0.5510352133760162	9008461800	8368609564	8223083914	57.26	0.928986711917803	573226565	10784	9987	99040	102	NA	63.24793	All	0.429087	0.092	3.67	AFV18E1	2.381	0.0176	Min Concentration	Min Concentration	16.09	0.4245
EHI02094	AFV18E1L1I1	Podarcis muralis	Reptile	AFV18	DREX1	46.35	12	3.8989	4.7853	0.5510352133760162	9008461800	8368609564	8223083914	57.26	0.928986711917803	573226565	10784	9987	99040	102	NA	61.52026	Species	0.429087	0.092	3.67	AFV18E1	2.381	0.0176	Min Concentration	Min Concentration	16.09	0.4245
EHI02083	AFV18E2L1I1	Podarcis muralis	Reptile	AFV18	REF	51.74999999999999	10	0.6608	6.4683	0.9073094780547334	10430515800	9849997605	9491836300	61.98	0.899635038839602	573226565	10784	9987	99040	102	NA	65.43218	All	0.217469	0.23	11.08	AFV18E2	1.73	0.0172	Min Concentration	Min Concentration	14.48	0.51
EHI02083	AFV18E2L1I1	Podarcis muralis	Reptile	AFV18	REF	51.74999999999999	10	0.6608	6.4683	0.9073094780547334	10430515800	9849997605	9491836300	61.98	0.899635038839602	573226565	10784	9987	99040	102	NA	60.76752	Species	0.217469	0.23	11.08	AFV18E2	1.73	0.0172	Min Concentration	Min Concentration	14.48	0.51
EHI02071	AFV18E3L1I1	Podarcis muralis	Reptile	AFV18	DREX2	90	7	0.3423	3.362	0.9075938773857408	6234391500	5812682197	5611666271	56.48	0.864078563760884	573226565	10784	9987	99040	102	NA	62.35379	Species	0.088767	0.129	7.19	AFV18E3	1.865	0.0441	OK	Ratio too low	11.29	0.6036
EHI02071	AFV18E3L1I1	Podarcis muralis	Reptile	AFV18	DREX2	90	7	0.3423	3.362	0.9075938773857408	6234391500	5812682197	5611666271	56.48	0.864078563760884	573226565	10784	9987	99040	102	NA	64.16433	All	0.088767	0.129	7.19	AFV18E3	1.865	0.0441	OK	Ratio too low	11.29	0.6036
EHI02072	AFV20E1L1I1	Podarcis muralis	Reptile	AFV20	DREX1	336.15	8	0.5657	3.1216	0.8465815095056003	4837897800	4526496630	4146619073	66.54	0.872859998337263	573226565	10784	9987	99040	102	NA	64.66759	All	0.174886	0.237	13.76	AFV20E1	1.57	0.077	Ratio too low	Ratio too low	12.1	3.2833
EHI02072	AFV20E1L1I1	Podarcis muralis	Reptile	AFV20	DREX1	336.15	8	0.5657	3.1216	0.8465815095056003	4837897800	4526496630	4146619073	66.54	0.872859998337263	573226565	10784	9987	99040	102	NA	62.39212	Species	0.174886	0.237	13.76	AFV20E1	1.57	0.077	Ratio too low	Ratio too low	12.1	3.2833
EHI02102	AFV20E2L1I1	Podarcis muralis	Reptile	AFV20	REF	102.6	13	0.3123	3.0867	0.9081200353045014	7143174600	6355727165	5282051961	69.03	0.932888725585374	573226565	10784	9987	99040	102	NA	64.13592	Species	0.587916	0.678	17.33	AFV20E2	1.215	0.0214	Ratio too low	Ratio too low	16.95	1.1131
EHI02102	AFV20E2L1I1	Podarcis muralis	Reptile	AFV20	REF	102.6	13	0.3123	3.0867	0.9081200353045014	7143174600	6355727165	5282051961	69.03	0.932888725585374	573226565	10784	9987	99040	102	NA	66.66326	All	0.587916	0.678	17.33	AFV20E2	1.215	0.0214	Ratio too low	Ratio too low	16.95	1.1131
EHI02091	AFV20E3L1I1	Podarcis muralis	Reptile	AFV20	DREX2	425.24999999999994	11	0.9262	2.3538	0.7176219512195122	2519885400	2346495184	2095859385	64.27	0.816149636359077	573226565	10784	9987	99040	102	NA	62.56813	All	0.225598	0.151	8.08	AFV20E3	1.51	0.449	Ratio too low	Ratio too low	15.56	3.3333
EHI02091	AFV20E3L1I1	Podarcis muralis	Reptile	AFV20	DREX2	425.24999999999994	11	0.9262	2.3538	0.7176219512195122	2519885400	2346495184	2095859385	64.27	0.816149636359077	573226565	10784	9987	99040	102	NA	60.39794	Species	0.225598	0.151	8.08	AFV20E3	1.51	0.449	Ratio too low	Ratio too low	15.56	3.3333
EHI02076	AHU97E1L1I1	Natrix astreptophora	Reptile	AHU97	DREX1	286.2	9	1.3364	4.1264	0.7553635498279271	5792232900	5380367093	5373768185	71.37	0.940734131451942	237001200	23565	1978	30696	51	NA	70.58967	Species	0.144291	0.004	0.21	AHU97E1	1.604	0.0889	Ratio too low	Ratio too low	13.38	2.3954
EHI02076	AHU97E1L1I1	Natrix astreptophora	Reptile	AHU97	DREX1	286.2	9	1.3364	4.1264	0.7553635498279271	5792232900	5380367093	5373768185	71.37	0.940734131451942	237001200	23565	1978	30696	51	NA	77.37316	All	0.144291	0.004	0.21	AHU97E1	1.604	0.0889	Ratio too low	Ratio too low	13.38	2.3954
EHI02077	AHU97E2L1I1	Natrix astreptophora	Reptile	AHU97	REF	139.5	9	0.3792	1.9081	0.8342150133344991	3387089700	3159064255	3140129888	69.91	0.805288112579773	237001200	23565	1978	30696	51	NA	56.02271	Species	0.13872	0.011	0.54	AHU97E2	1.412	0.117	Ratio too low	Ratio too low	13.47	2.1601
EHI02077	AHU97E2L1I1	Natrix astreptophora	Reptile	AHU97	REF	139.5	9	0.3792	1.9081	0.8342150133344991	3387089700	3159064255	3140129888	69.91	0.805288112579773	237001200	23565	1978	30696	51	NA	70.93549	All	0.13872	0.011	0.54	AHU97E2	1.412	0.117	Ratio too low	Ratio too low	13.47	2.1601
EHI02120	AHU97E3L1I1	Natrix astreptophora	Reptile	AHU97	DREX2	394.65	16	4.3522	4.2162	0.4920638625647728	6440425500	5162592074	5076356992	62	0.98432038577646	237001200	23565	1978	30696	51	NA	67.20683	Species	0.872846	0.047	0.31	AHU97E3	1.559	0.0782	Ratio too low	Ratio too low	20.57	2.5045
EHI02120	AHU97E3L1I1	Natrix astreptophora	Reptile	AHU97	DREX2	394.65	16	4.3522	4.2162	0.4920638625647728	6440425500	5162592074	5076356992	62	0.98432038577646	237001200	23565	1978	30696	51	NA	73.65795	All	0.872846	0.047	0.31	AHU97E3	1.559	0.0782	Ratio too low	Ratio too low	20.57	2.5045
EHI02075	AHW91E1L1I1	Chalcides striatus	Reptile	AHW91	DREX1	200.25	9	1.0971	3.674	0.7700530276036973	6024453300	5637504035	5634085086	75.34	0.893317933443402	410061712	13247	6229	63544	94	NA	61.81021	Species	0.140486	0.001	0.06	AHW91E1	1.628	0.325	Ratio too low	Ratio too low	12.95	2.2188
EHI02075	AHW91E1L1I1	Chalcides striatus	Reptile	AHW91	DREX1	200.25	9	1.0971	3.674	0.7700530276036973	6024453300	5637504035	5634085086	75.34	0.893317933443402	410061712	13247	6229	63544	94	NA	65.00838	All	0.140486	0.001	0.06	AHW91E1	1.628	0.325	Ratio too low	Ratio too low	12.95	2.2188
EHI02113	AHW91E2L1I1	Chalcides striatus	Reptile	AHW91	REF	58.5	14	3.6128	5.0976	0.5852314474650991	7941879000	7283087187	7259837778	69.29	0.9612430554965	410061712	13247	6229	63544	94	NA	58.89354	All	0.755114	0.01	0.14	AHW91E2	1.482	0.0188	Min Concentration	Min Concentration	18.1	0.7407
EHI02113	AHW91E2L1I1	Chalcides striatus	Reptile	AHW91	REF	58.5	14	3.6128	5.0976	0.5852314474650991	7941879000	7283087187	7259837778	69.29	0.9612430554965	410061712	13247	6229	63544	94	NA	55.94664	Species	0.755114	0.01	0.14	AHW91E2	1.482	0.0188	Min Concentration	Min Concentration	18.1	0.7407
EHI02092	AHW91E3L1I1	Chalcides striatus	Reptile	AHW91	DREX2	396.9	11	0.8338	4.7252	0.8500089944234575	6246915300	5843828842	5827638900	67.21	0.859591985514548	410061712	13247	6229	63544	94	NA	56.96258	Species	0.232697	0.007	0.31	AHW91E3	1.401	0.308	Ratio too low	Ratio too low	15.81	3.6102
EHI02092	AHW91E3L1I1	Chalcides striatus	Reptile	AHW91	DREX2	396.9	11	0.8338	4.7252	0.8500089944234575	6246915300	5843828842	5827638900	67.21	0.859591985514548	410061712	13247	6229	63544	94	NA	59.85887	All	0.232697	0.007	0.31	AHW91E3	1.401	0.308	Ratio too low	Ratio too low	15.81	3.6102
EHI02123	AHW95E1L1I1	Chalcides striatus	Reptile	AHW95	DREX1	5.8950000000000005	17	13.5092	3.0124	0.18233100910323455	6107189700	4603764324	4598867171	61.55	0.983029482410641	410061712	13247	6229	63544	94	NA	60.57948	All	0.84539	0.002	0.01	AHW95E1	1.619	0.029	Min Concentration	Min Concentration	20.73	0.0414
EHI02123	AHW95E1L1I1	Chalcides striatus	Reptile	AHW95	DREX1	5.8950000000000005	17	13.5092	3.0124	0.18233100910323455	6107189700	4603764324	4598867171	61.55	0.983029482410641	410061712	13247	6229	63544	94	NA	56.72399	Species	0.84539	0.002	0.01	AHW95E1	1.619	0.029	Min Concentration	Min Concentration	20.73	0.0414
EHI02066	AHW95E2L1I1	Chalcides striatus	Reptile	AHW95	REF	224.1	6	0.8419	4.6358	0.8463041057378097	4875101400	4583868184	4577907977	69.14	0.837060733948976	410061712	13247	6229	63544	94	NA	59.86754	All	0.086161	0.002	0.12	AHW95E2	1.174	0.0479	Ratio too low	Ratio too low	11.49	1.9838
EHI02066	AHW95E2L1I1	Chalcides striatus	Reptile	AHW95	REF	224.1	6	0.8419	4.6358	0.8463041057378097	4875101400	4583868184	4577907977	69.14	0.837060733948976	410061712	13247	6229	63544	94	NA	56.4573	Species	0.086161	0.002	0.12	AHW95E2	1.174	0.0479	Ratio too low	Ratio too low	11.49	1.9838
EHI02119	AHW95E3L1I1	Chalcides striatus	Reptile	AHW95	DREX2	9.09	16	1.5113	4.9158	0.7648550668264069	8273056200	7663568964	7656376170	58.1	0.985437209283663	410061712	13247	6229	63544	94	NA	60.02663	All	0.850057	0.003	0.02	AHW95E3	1.539	0.0773	Ratio too low	Ratio too low	19.65	0.085
EHI02119	AHW95E3L1I1	Chalcides striatus	Reptile	AHW95	DREX2	9.09	16	1.5113	4.9158	0.7648550668264069	8273056200	7663568964	7656376170	58.1	0.985437209283663	410061712	13247	6229	63544	94	NA	56.75432	Species	0.850057	0.003	0.02	AHW95E3	1.539	0.0773	Ratio too low	Ratio too low	19.65	0.085
EHI02068	AAZ65E1L1I1	Sciurus carolinensis	Mammal	AAZ65	DREX1	526.5	7	0.9462	5.6215	0.8559313001507377	4290309300	4030524668	3601084486	73.35	0.785094674015336	612479618	10485	10259	108514	155	NA	58.31722	All	0.11971	0.15	8.57	AAZ65E1	1.737	0.0419	OK	Ratio too low	11.77	3.5685
EHI02068	AAZ65E1L1I1	Sciurus carolinensis	Mammal	AAZ65	DREX1	526.5	7	0.9462	5.6215	0.8559313001507377	4290309300	4030524668	3601084486	73.35	0.785094674015336	612479618	10485	10259	108514	155	NA	59.01419	Species	0.11971	0.15	8.57	AAZ65E1	1.737	0.0419	OK	Ratio too low	11.77	3.5685
EHI02089	AAZ65E2L1I1	Sciurus carolinensis	Mammal	AAZ65	REF	706.5	11	0.7194	1.7639	0.7103048363065276	1430373600	1275142659	906575732	73.1	0.580967430009069	612479618	10485	10259	108514	155	NA	49.27554	Species	0.266677	0.129	5.56	AAZ65E2	NA	NA	NA	NA	15.69	3.7731
EHI02089	AAZ65E2L1I1	Sciurus carolinensis	Mammal	AAZ65	REF	706.5	11	0.7194	1.7639	0.7103048363065276	1430373600	1275142659	906575732	73.1	0.580967430009069	612479618	10485	10259	108514	155	NA	53.26106	All	0.266677	0.129	5.56	AAZ65E2	NA	NA	NA	NA	15.69	3.7731
EHI02070	AAZ65E3L1I1	Sciurus carolinensis	Mammal	AAZ65	DREX2	1588.4999999999998	7	1.1735	3.9267	0.769910983882985	3826533900	3554514283	3116397479	73.99	0.740028332065932	612479618	10485	10259	108514	155	NA	55.47964	Species	0.103475	0.153	8.13	AAZ65E3	NA	NA	NA	NA	11.22	3.6584
EHI02070	AAZ65E3L1I1	Sciurus carolinensis	Mammal	AAZ65	DREX2	1588.4999999999998	7	1.1735	3.9267	0.769910983882985	3826533900	3554514283	3116397479	73.99	0.740028332065932	612479618	10485	10259	108514	155	NA	55.15701	All	0.103475	0.153	8.13	AAZ65E3	NA	NA	NA	NA	11.22	3.6584
EHI02080	ABA95E1L1I1	Sciurus carolinensis	Mammal	ABA95	DREX1	111.15	10	1.9574	4.6233	0.702554439497318	6072925200	5533746999	5195138374	67.78	0.852041405718165	612479618	10485	10259	108514	155	NA	64.15839	All	0.171557	0.118	5.27	ABA95E1	1.673	0.226	OK	Ratio too low	14.63	2.0855
EHI02080	ABA95E1L1I1	Sciurus carolinensis	Mammal	ABA95	DREX1	111.15	10	1.9574	4.6233	0.702554439497318	6072925200	5533746999	5195138374	67.78	0.852041405718165	612479618	10485	10259	108514	155	NA	63.62181	Species	0.171557	0.118	5.27	ABA95E1	1.673	0.226	OK	Ratio too low	14.63	2.0855
EHI02096	ABA95E2L1I1	Sciurus carolinensis	Mammal	ABA95	REF	156.15	12	1.9022	8.8055	0.8223521391148425	8257494000	7588903780	7315936400	70.39	0.802871540043952	612479618	10485	10259	108514	155	NA	59.35934	All	0.332323	0.095	3.59	ABA95E2	1.37	0.338	Ratio too low	Ratio too low	15.73	2.143
EHI02096	ABA95E2L1I1	Sciurus carolinensis	Mammal	ABA95	REF	156.15	12	1.9022	8.8055	0.8223521391148425	8257494000	7588903780	7315936400	70.39	0.802871540043952	612479618	10485	10259	108514	155	NA	46.74625	Species	0.332323	0.095	3.59	ABA95E2	1.37	0.338	Ratio too low	Ratio too low	15.73	2.143
EHI02078	ABA95E3L1I1	Sciurus carolinensis	Mammal	ABA95	DREX2	670.5	9	1.1489	3.4948	0.7525895299007258	4749500700	4182706417	3849590816	70.98	0.79589789692041	612479618	10485	10259	108514	155	NA	61.90093	Species	0.110008	0.116	5.15	ABA95E3	1.62	0.227	Ratio too low	Ratio too low	13.17	3.0158
EHI02078	ABA95E3L1I1	Sciurus carolinensis	Mammal	ABA95	DREX2	670.5	9	1.1489	3.4948	0.7525895299007258	4749500700	4182706417	3849590816	70.98	0.79589789692041	612479618	10485	10259	108514	155	NA	62.55774	All	0.110008	0.116	5.15	ABA95E3	1.62	0.227	Ratio too low	Ratio too low	13.17	3.0158
EHI02087	ACB56E1L1I1	Plecotus auritus	Mammal	ACB56	DREX1	73.35	11	3.5341	3.2544	0.47939898357516386	5982849600	4927100329	4801276669	27.65	0.93321995793163	81356595	7283	1625	16566	20	NA	32.35088	All	0.270335	0.055	2.43	ACB56E1	1.836	0.108	Min Concentration	Min Concentration	15.41	0.4731
EHI02087	ACB56E1L1I1	Plecotus auritus	Mammal	ACB56	DREX1	73.35	11	3.5341	3.2544	0.47939898357516386	5982849600	4927100329	4801276669	27.65	0.93321995793163	81356595	7283	1625	16566	20	NA	30.60214	Species	0.270335	0.055	2.43	ACB56E1	1.836	0.108	Min Concentration	Min Concentration	15.41	0.4731
EHI02112	ACB56E2L1I1	Plecotus auritus	Mammal	ACB56	REF	19.215	14	0.6303	4.3036	0.8722511603396907	10517417700	9483238912	7448122330	29.72	0.985244977648027	81356595	7283	1625	16566	20	NA	26.23609	All	0.862499	0.929	7.23	ACB56E2	1.106	0.0128	Ratio too low	Ratio too low	18.15	0.2453
EHI02112	ACB56E2L1I1	Plecotus auritus	Mammal	ACB56	REF	19.215	14	0.6303	4.3036	0.8722511603396907	10517417700	9483238912	7448122330	29.72	0.985244977648027	81356595	7283	1625	16566	20	NA	24.76463	Species	0.862499	0.929	7.23	ACB56E2	1.106	0.0128	Ratio too low	Ratio too low	18.15	0.2453
EHI02090	ACB56E3L1I1	Plecotus auritus	Mammal	ACB56	DREX2	121.05	11	0.5807	1.2249	0.6783894550287993	2641195500	2390253364	1993546209	26.97	0.824149562564533	81356595	7283	1625	16566	20	NA	24.77419	All	0.245151	0.179	7.91	ACB56E3	1.143	0.128	Ratio too low	Ratio too low	14.97	0.9065
EHI02090	ACB56E3L1I1	Plecotus auritus	Mammal	ACB56	DREX2	121.05	11	0.5807	1.2249	0.6783894550287993	2641195500	2390253364	1993546209	26.97	0.824149562564533	81356595	7283	1625	16566	20	NA	23.44463	Species	0.245151	0.179	7.91	ACB56E3	1.143	0.128	Ratio too low	Ratio too low	14.97	0.9065
EHI02081	ACB61E1L1I1	Plecotus auritus	Mammal	ACB61	DREX1	22.995	10	5.2943	4.1508	0.43946596647997377	7178096700	6372937405	3793173569	55.88	0.841186859977551	81356595	7283	1625	16566	20	NA	59.40762	Species	0.252763	1.16	42.99	ACB61E1	1.603	0.0887	Ratio too low	Ratio too low	14.6	0.2171
EHI02081	ACB61E1L1I1	Plecotus auritus	Mammal	ACB61	DREX1	22.995	10	5.2943	4.1508	0.43946596647997377	7178096700	6372937405	3793173569	55.88	0.841186859977551	81356595	7283	1625	16566	20	NA	60.86044	All	0.252763	1.16	42.99	ACB61E1	1.603	0.0887	Ratio too low	Ratio too low	14.6	0.2171
EHI02118	ACB61E2L1I1	Plecotus auritus	Mammal	ACB61	REF	9.315	16	0.2866	9.0001	0.9691386606652524	8064165000	7743472081	827436243	27.63	0.970817504406698	81356595	7283	1625	16566	20	NA	25.20521	Species	0.90032	3.162	16.53	ACB61E2	1.229	0.013	Ratio too low	Ratio too low	20.41	0.1053
EHI02118	ACB61E2L1I1	Plecotus auritus	Mammal	ACB61	REF	9.315	16	0.2866	9.0001	0.9691386606652524	8064165000	7743472081	827436243	27.63	0.970817504406698	81356595	7283	1625	16566	20	NA	26.03016	All	0.90032	3.162	16.53	ACB61E2	1.229	0.013	Ratio too low	Ratio too low	20.41	0.1053
EHI02084	ACB61E3L1I1	Plecotus auritus	Mammal	ACB61	DREX2	62.099999999999994	10	1.4744	7.9101	0.842889871596782	7745822400	7191472007	1839624789	38.7	0.663770716845358	81356595	7283	1625	16566	20	NA	33.78641	All	0.178637	2.443	68.56	ACB61E3	1.505	0.127	Ratio too low	Ratio too low	14.42	0.1759
EHI02084	ACB61E3L1I1	Plecotus auritus	Mammal	ACB61	DREX2	62.099999999999994	10	1.4744	7.9101	0.842889871596782	7745822400	7191472007	1839624789	38.7	0.663770716845358	81356595	7283	1625	16566	20	NA	32.62476	Species	0.178637	2.443	68.56	ACB61E3	1.505	0.127	Ratio too low	Ratio too low	14.42	0.1759
EHI02100	AEC23E1L1I1	Trichosurus vulpecula	Mammal	AEC23	DREX1	517.5	13	0.445	1.0822	0.7086170770036668	501663300	419016088	0	0	0.606551645	348121500	5235	13644	83797	79	NA	43.607170000000004	All	0.178878	0.001	0.05	AEC23E1	1.326	0.19	Ratio too low	Ratio too low	17.51	4.7425
EHI02100	AEC23E1L1I1	Trichosurus vulpecula	Mammal	AEC23	DREX1	517.5	13	0.445	1.0822	0.7086170770036668	501663300	419016088	0	0	0.606551645	348121500	5235	13644	83797	79	NA	43.2776	Species	0.178878	0.001	0.05	AEC23E1	1.326	0.19	Ratio too low	Ratio too low	17.51	4.7425
EHI02074	AEC23E2L1I1	Trichosurus vulpecula	Mammal	AEC23	REF	886.5	8	0.4679	1.8955	0.802022509943302	2349227100	2174706809	2167513252	74.01	0.765592854	348121500	5235	13644	83797	79	NA	46.07978	All	0.108527	0.002	0.11	AEC23E2	1.25	0.161	Ratio too low	Ratio too low	12.5	3.5862
EHI02074	AEC23E2L1I1	Trichosurus vulpecula	Mammal	AEC23	REF	886.5	8	0.4679	1.8955	0.802022509943302	2349227100	2174706809	2167513252	74.01	0.765592854	348121500	5235	13644	83797	79	NA	45.76911	Species	0.108527	0.002	0.11	AEC23E2	1.25	0.161	Ratio too low	Ratio too low	12.5	3.5862
EHI02106	AEC23E3L1I1	Trichosurus vulpecula	Mammal	AEC23	DREX2	945	13	1.0564	2.0126	0.655783642880417	5700	5258	0	0	0	348121500	5235	13644	83797	79	NA	63.88889	All	0	0	0	AEC23E3	1.14	1.353	Ratio too low	Ratio too low	17.09	11.5021
EHI02106	AEC23E3L1I1	Trichosurus vulpecula	Mammal	AEC23	DREX2	945	13	1.0564	2.0126	0.655783642880417	5700	5258	0	0	0	348121500	5235	13644	83797	79	NA	0	Species	0	0	0	AEC23E3	1.14	1.353	Ratio too low	Ratio too low	17.09	11.5021
EHI02082	AEC24E1L1I1	Trichosurus vulpecula	Mammal	AEC24	DREX1	282.15	10	2.1042	10.1422	0.8281780768225764	6590682600	6195828853	6101131720	85.06	0.834838898	348121500	5235	13644	83797	79	NA	50.54701	All	0.162075	0.028	1.62	AEC24E1	1.295	0.388	Ratio too low	Ratio too low	14.56	2.5701
EHI02082	AEC24E1L1I1	Trichosurus vulpecula	Mammal	AEC24	DREX1	282.15	10	2.1042	10.1422	0.8281780768225764	6590682600	6195828853	6101131720	85.06	0.834838898	348121500	5235	13644	83797	79	NA	50.25827	Species	0.162075	0.028	1.62	AEC24E1	1.295	0.388	Ratio too low	Ratio too low	14.56	2.5701
EHI02064	AEC24E2L1I1	Trichosurus vulpecula	Mammal	AEC24	REF	909	5	1.9349	9.4727	0.8303850064869034	5330967300	4969163628	4895204944	84.61	0.74172077	348121500	5235	13644	83797	79	NA	43.04521	Species	0.103332	0.022	1.29	AEC24E2	1.398	0.379	Ratio too low	Ratio too low	8.75	5.5042
EHI02064	AEC24E2L1I1	Trichosurus vulpecula	Mammal	AEC24	REF	909	5	1.9349	9.4727	0.8303850064869034	5330967300	4969163628	4895204944	84.61	0.74172077	348121500	5235	13644	83797	79	NA	49.72472	All	0.103332	0.022	1.29	AEC24E2	1.398	0.379	Ratio too low	Ratio too low	8.75	5.5042
EHI02098	AEC24E3L1I1	Trichosurus vulpecula	Mammal	AEC24	DREX2	1813.5	12	0.978	3.0158	0.755120436676849	6080241900	5558613779	5418680977	84.46	0.908964547	348121500	5235	13644	83797	79	NA	47.71816	All	0.494501	0.039	1.1	AEC24E3	1.42	0.284	Ratio too low	Ratio too low	15.83	3.3794
EHI02098	AEC24E3L1I1	Trichosurus vulpecula	Mammal	AEC24	DREX2	1813.5	12	0.978	3.0158	0.755120436676849	6080241900	5558613779	5418680977	84.46	0.908964547	348121500	5235	13644	83797	79	NA	47.40842	Species	0.494501	0.039	1.1	AEC24E3	1.42	0.284	Ratio too low	Ratio too low	15.83	3.3794
EHI02117	AGI41E1L1I1	Zonotrichia capensis	Bird	AGI41	DREX1	1.4985000000000002	16	6.858	0.8053	0.10508527657797556	3245260200	2281533278	897567534	27.86	0.984952046474779	3253062	2124	537	1466	1	NA	15.79926	All	0.94202	1.192	3.4	AGI41E1	NA	NA	NA	NA	18.95	0.0915
EHI02127	AGI41E2L1I1	Zonotrichia capensis	Bird	AGI41	REF	13.95	18	1.0711	5.5588	0.8384440187634806	6934494900	5844280169	5603217842	58.81	0.984173908292034	3253062	2124	537	1466	1	NA	54.43118	All	0.951995	0.207	0.41	AGI41E2	NA	NA	NA	NA	21.49	0.1138
EHI02108	AGI41E3L1I1	Zonotrichia capensis	Bird	AGI41	DREX2	4.725	13	2.2558	2.5557	0.5311649173854307	4224202500	3297017101	1068748966	14.5	0.76170192539073	3253062	2124	537	1466	1	NA	7.69022	All	0.488178	1.942	36.59	AGI41E3	1.52	0.0473	Ratio too low	Ratio too low	16.88	0.0833
EHI02140	AGI42E1L1I1	Zonotrichia capensis	Bird	AGI42	DREX1	8.73	21	61.1493	1.7801	0.02828725524158819	8325282300	560564193	0	0	0.982416018617681	3253062	2124	537	1466	1	NA	38.0975	All	0.952862	0.102	0.2	AGI42E1	2.554	0.0122	Min Concentration	Min Concentration	24.47	0.0451
EHI02132	AGI42E2L1I1	Zonotrichia capensis	Bird	AGI42	REF	16.74	19	3.1671	1.1045	0.2585682179979399	2806572900	2115732295	2024990138	20.53	0.995903954963506	3253062	2124	537	1466	1	NA	22.69132	All	0.964026	0.077	0.09	AGI42E2	1.62	0.0309	Min Concentration	Min Concentration	23	0.0512
EHI02134	AGI42E3L1I1	Zonotrichia capensis	Bird	AGI42	DREX2	26.73	19	21.8973	1.329	0.05721961741646322	2451100800	705441803	0	0	0.985675205475472	3253062	2124	537	1466	1	NA	14.45219	All	0.934918	0.202	0.52	AGI42E3	0.885	0.039	Ratio too low	Ratio too low	22.68	0.1679
EHI02125	AGI58E1L1I1	Geospizopsis unicolor	Bird	AGI58	DREX1	4.86	18	11.8064	2.577	0.17916487061473643	5943561900	3683778931	2176058227	7.1	0.991229970177672	52350704	3645	3048	15118	10	NA	0.00704	Species	0.968989	1.371	1.62	AGI58E1	1.625	0.053900000000000003	Min Concentration	Min Concentration	22.41	0.0304
EHI02125	AGI58E1L1I1	Geospizopsis unicolor	Bird	AGI58	DREX1	4.86	18	11.8064	2.577	0.17916487061473643	5943561900	3683778931	2176058227	7.1	0.991229970177672	52350704	3645	3048	15118	10	NA	9.93508	All	0.968989	1.371	1.62	AGI58E1	1.625	0.053900000000000003	Min Concentration	Min Concentration	22.41	0.0304
EHI02137	AGI58E2L1I1	Geospizopsis unicolor	Bird	AGI58	REF	343.8	20	45.2434	40.2586	0.47084980468293136	5387133900	2743035765	2732467600	53.01	0.701661372012793	52350704	3645	3048	15118	10	NA	15.41939	Species	0.266061	0.01	0.33	AGI58E2	1.464	0.218	Ratio too low	Ratio too low	14.9	3.3355
EHI02137	AGI58E2L1I1	Geospizopsis unicolor	Bird	AGI58	REF	343.8	20	45.2434	40.2586	0.47084980468293136	5387133900	2743035765	2732467600	53.01	0.701661372012793	52350704	3645	3048	15118	10	NA	54.14709	All	0.266061	0.01	0.33	AGI58E2	1.464	0.218	Ratio too low	Ratio too low	14.9	3.3355
EHI02122	AGI58E3L1I1	Geospizopsis unicolor	Bird	AGI58	DREX2	10.305	16	4.0026	4.6805	0.5390355978855479	5224222500	3913394035	2500323534	11.08	0.955809888403025	52350704	3645	3048	15118	10	NA	0.00303	Species	0.84255	1.287	7.42	AGI58E3	1.098	0.0662	Ratio too low	Ratio too low	20.23	0.0671
EHI02122	AGI58E3L1I1	Geospizopsis unicolor	Bird	AGI58	DREX2	10.305	16	4.0026	4.6805	0.5390355978855479	5224222500	3913394035	2500323534	11.08	0.955809888403025	52350704	3645	3048	15118	10	NA	6.16898	All	0.84255	1.287	7.42	AGI58E3	1.098	0.0662	Ratio too low	Ratio too low	20.23	0.0671
EHI02124	AGI59E1L1I1	Geospizopsis unicolor	Bird	AGI59	DREX1	4.1129999999999995	17	3.4401	1.9243	0.35871672507642977	2332772400	1537441209	992215010	3.03	0.963188014459304	52350704	3645	3048	15118	10	NA	0.0014	Species	0.921024	0.494	1.7	AGI59E1	1.141	0.155	Min Concentration	Min Concentration	21.29	0.0481
EHI02124	AGI59E1L1I1	Geospizopsis unicolor	Bird	AGI59	DREX1	4.1129999999999995	17	3.4401	1.9243	0.35871672507642977	2332772400	1537441209	992215010	3.03	0.963188014459304	52350704	3645	3048	15118	10	NA	2.42405	All	0.921024	0.494	1.7	AGI59E1	1.141	0.155	Min Concentration	Min Concentration	21.29	0.0481
EHI02133	AGI59E2L1I1	Geospizopsis unicolor	Bird	AGI59	REF	2.7630000000000003	19	13.2326	1.8381	0.121965137651204	3482328900	1729761580	1414799488	24.74	0.987469156974329	52350704	3645	3048	15118	10	NA	0.00922	Species	0.967286	0.285	0.37	AGI59E2	1.337	0.0294	Min Concentration	Min Concentration	23.19	0.0984
EHI02133	AGI59E2L1I1	Geospizopsis unicolor	Bird	AGI59	REF	2.7630000000000003	19	13.2326	1.8381	0.121965137651204	3482328900	1729761580	1414799488	24.74	0.987469156974329	52350704	3645	3048	15118	10	NA	14.40575	All	0.967286	0.285	0.37	AGI59E2	1.337	0.0294	Min Concentration	Min Concentration	23.19	0.0984
EHI02121	AGI59E3L1I1	Geospizopsis unicolor	Bird	AGI59	DREX2	18.945	16	3.0165	6.3081	0.6765008686699697	4822939200	3636445405	2478090579	13.31	0.952651445468813	52350704	3645	3048	15118	10	NA	0.00175	Species	0.86303	1.048	6.76	AGI59E3	0.61	0.172	Ratio too low	Ratio too low	20.11	0.0847
EHI02121	AGI59E3L1I1	Geospizopsis unicolor	Bird	AGI59	DREX2	18.945	16	3.0165	6.3081	0.6765008686699697	4822939200	3636445405	2478090579	13.31	0.952651445468813	52350704	3645	3048	15118	10	NA	3.44904	All	0.86303	1.048	6.76	AGI59E3	0.61	0.172	Ratio too low	Ratio too low	20.11	0.0847
EHI02142	AGZ59E1L1I1	Perisoreus infaustus	Bird	AGZ59	DREX1	32.175	25	35.4866	36.9519	0.5101140967855491	6579782100	5146127430	5074647403	1.94	0.982718176922418	107595360	11073	1915	18101	8	NA	0.01336	Species	0.787675	0.059	0.51	AGZ59E1	1.491	0.077	Ratio too low	Ratio too low	19.07	0.3754
EHI02142	AGZ59E1L1I1	Perisoreus infaustus	Bird	AGZ59	DREX1	32.175	25	35.4866	36.9519	0.5101140967855491	6579782100	5146127430	5074647403	1.94	0.982718176922418	107595360	11073	1915	18101	8	NA	7.73933	All	0.787675	0.059	0.51	AGZ59E1	1.491	0.077	Ratio too low	Ratio too low	19.07	0.3754
EHI02103	AGZ59E2L1I1	Perisoreus infaustus	Bird	AGZ59	REF	25.065	13	3.3392	5.5348	0.6237097137705657	4702281900	3532941471	3482317106	1.64	0.911657445331509	107595360	11073	1915	18101	8	NA	6.44138	All	0.385976	0.043	1.13	AGZ59E2	1.393	0.057	Ratio too low	Ratio too low	16.83	0.2579
EHI02103	AGZ59E2L1I1	Perisoreus infaustus	Bird	AGZ59	REF	25.065	13	3.3392	5.5348	0.6237097137705657	4702281900	3532941471	3482317106	1.64	0.911657445331509	107595360	11073	1915	18101	8	NA	0.00971	Species	0.385976	0.043	1.13	AGZ59E2	1.393	0.057	Ratio too low	Ratio too low	16.83	0.2579
EHI02099	AGZ59E3L1I1	Perisoreus infaustus	Bird	AGZ59	DREX2	100.35	12	3.2236	5.5554	0.6328055587196719	6175471200	4858590624	4791052989	1.56	0.900585937226665	107595360	11073	1915	18101	8	NA	0.01254	Species	0.302207	0.057	1.9	AGZ59E3	1.393	0.166	Ratio too low	Ratio too low	16.07	0.5082
EHI02099	AGZ59E3L1I1	Perisoreus infaustus	Bird	AGZ59	DREX2	100.35	12	3.2236	5.5554	0.6328055587196719	6175471200	4858590624	4791052989	1.56	0.900585937226665	107595360	11073	1915	18101	8	NA	7.56691	All	0.302207	0.057	1.9	AGZ59E3	1.393	0.166	Ratio too low	Ratio too low	16.07	0.5082
EHI02111	AIV55E1L1I1	Perisoreus infaustus	Bird	AIV55	DREX1	12.420000000000002	14	0.6622	7.484	0.9187105644349512	7907907300	7279269111	6515839945	49.94	0.966554123723554	107595360	11073	1915	18101	8	NA	14.81694	Species	0.706304	0.671	11.94	AIV55E1	1.389	0.263	Ratio too low	Ratio too low	18.79	0.0913
EHI02111	AIV55E1L1I1	Perisoreus infaustus	Bird	AIV55	DREX1	12.420000000000002	14	0.6622	7.484	0.9187105644349512	7907907300	7279269111	6515839945	49.94	0.966554123723554	107595360	11073	1915	18101	8	NA	19.52473	All	0.706304	0.671	11.94	AIV55E1	1.389	0.263	Ratio too low	Ratio too low	18.79	0.0913
EHI02131	AIV55E2L1I1	Perisoreus infaustus	Bird	AIV55	REF	24.21	19	0.6862	2.9103	0.8092033921868483	7127573700	6284776560	4108967754	52.36	0.992117363015431	107595360	11073	1915	18101	8	NA	23.67459	Species	0.988138	1.966	1.18	AIV55E2	NA	NA	NA	NA	22.75	0.1437
EHI02131	AIV55E2L1I1	Perisoreus infaustus	Bird	AIV55	REF	24.21	19	0.6862	2.9103	0.8092033921868483	7127573700	6284776560	4108967754	52.36	0.992117363015431	107595360	11073	1915	18101	8	NA	32.88756	All	0.988138	1.966	1.18	AIV55E2	NA	NA	NA	NA	22.75	0.1437
EHI02107	AIV55E3L1I1	Perisoreus infaustus	Bird	AIV55	DREX2	100.35	13	0.1358	0.1517	0.5276521739130435	10800	6978	0	0	0	107595360	11073	1915	18101	8	NA	30.76923	All	0	0	0	AIV55E3	1.187	0.287	Ratio too low	Ratio too low	17.51	0.6887
EHI02107	AIV55E3L1I1	Perisoreus infaustus	Bird	AIV55	DREX2	100.35	13	0.1358	0.1517	0.5276521739130435	10800	6978	0	0	0	107595360	11073	1915	18101	8	NA	7.69231	Species	0	0	0	AIV55E3	1.187	0.287	Ratio too low	Ratio too low	17.51	0.6887
EHI02130	C1_EXB0076E1L1I1	Extraction control	Control	C1_EXB0076	DREX1	5.76	19	32.9611	1.2547	0.03667019330250936	4556504700	1003856241	1003335820	86.89	0.992721113448815	NA	NA	NA	NA	NA	NA	92.89779	All	0.94062	0	0	C1_EXB0076E1	1.167	0.144	Ratio too low	Ratio too low	22.86	0.1251
EHI02141	C1_EXB0076E2L1I1	Extraction control	Control	C1_EXB0076	REF	0.2169	22	8.7199	0.0646	0.00735386191587455	900950400	44906204	0	0	0	NA	NA	NA	NA	NA	NA	85.41484	All	0.985782	0	0	C1_EXB0076E2	1.271	0.0108	Min Concentration	Min Concentration	25.76	0.0026
EHI02135	C1_EXB0076E3L1I1	Extraction control	Control	C1_EXB0076	DREX2	1.1115	19	50.4059	2.2787	0.04325172820900225	13384372500	4005670309	4003930386	86.24	0.996352036867929	NA	NA	NA	NA	NA	NA	91.76651	All	0.956083	0.001	0	C1_EXB0076E3	1.74	0.0118	Min Concentration	Min Concentration	23.23	0.0623
EHI02138	C1_LIB0072E1L1I1	Library control	Control	C1_LIB0072	DREX1	0	20	55.5359	1.3259	0.02331793928437018	14891170500	4195557	0	0	0	NA	NA	NA	NA	NA	NA	1.60635	All	0.933962	0	0	C1_LIB0072E1	NA	NA	NA	NA	NA	NA
EHI02136	C2_EXB0076E1L1I1	Extraction control	Control	C2_EXB0076	DREX1	2.655	20	43.4758	1.2628	0.02822618499461315	5562081000	963214248	948633294	73.89	0.994614470715508	NA	NA	NA	NA	NA	NA	92.03732	All	0.950404	0.004	0.01	C2_EXB0076E1	2.202	0.0192	Min Concentration	Min Concentration	23.93	0.0384
EHI02129	C2_EXB0076E2L1I1	Extraction control	Control	C2_EXB0076	REF	0.1458	18	22.3856	0.2654	0.01171692199019911	1882484400	32053101	0	0	0	NA	NA	NA	NA	NA	NA	85.60883	All	0.933086	0	0	C2_EXB0076E2	1.67	0.00643	Min Concentration	Min Concentration	21.95	0.0776
EHI02143	C2_EXB0076E3L1I1	Extraction control	Control	C2_EXB0076	DREX2	1.1295	25	6.8877	0.1702	0.024114821689171	542278800	136198846	0	0	0	NA	NA	NA	NA	NA	NA	92.1052	All	0.985507	0	0	C2_EXB0076E3	2.031	0.00986	Min Concentration	Min Concentration	29.23	0.0491
EHI02139	C2_LIB0072E1L1I1	Library control	Control	C2_LIB0072	DREX1	0	20	58.0353	0.7016	0.0119447910938439	7495753500	834228	0	0	0	NA	NA	NA	NA	NA	NA	4.79871	All	0.913043	0	0	C2_LIB0072E1	NA	NA	NA	NA	NA	NA
